Date,Open,High,Low,Close,Volume,Avg_Volume,Dividends,Stock Splits
14-07-2023,213.46,220.41,199.17,201.2,30232142,,0.0,0.0
17-07-2023,201.55,204.78,191.12,198.84,5901876,,0.0,0.0
18-07-2023,197.58,201.87,192.12,193.75,2018980,,0.0,0.0
19-07-2023,194.6,196.04,190.8,191.22,1124340,,0.0,0.0
20-07-2023,190.13,191.12,179.43,180.77,2141732,,0.0,0.0
21-07-2023,179.68,189.53,177.94,186.16,2807828,,0.0,0.0
24-07-2023,186.31,189.61,181.19,184.42,1969514,,0.0,0.0
25-07-2023,186.06,188.29,183.7,187.43,1014816,,0.0,0.0
26-07-2023,188.17,194.55,187.85,190.33,1702416,,0.0,0.0
27-07-2023,190.88,192.09,188.89,190.92,571040,,0.0,0.0
28-07-2023,190.92,207.51,190.63,205.49,4297024,,0.0,0.0
31-07-2023,207.7,211.48,205.02,206.09,2198476,,0.0,0.0
01-08-2023,206.51,208.37,201.05,201.92,1029376,,0.0,0.0
02-08-2023,201.0,202.71,192.51,194.15,1491660,,0.0,0.0
03-08-2023,197.01,197.01,190.73,192.12,700610,,0.0,0.0
04-08-2023,193.95,198.4,193.63,195.57,536828,,0.0,0.0
07-08-2023,197.43,200.03,194.35,195.59,393822,,0.0,0.0
08-08-2023,196.56,197.48,192.89,195.12,527138,,0.0,0.0
09-08-2023,194.8,201.95,192.49,198.84,772356,,0.0,0.0
10-08-2023,197.78,206.36,191.62,193.46,1699122,,0.0,0.0
11-08-2023,194.55,200.16,192.66,197.15,1082594,,0.0,0.0
14-08-2023,198.52,203.73,194.18,201.52,950398,,0.0,0.0
16-08-2023,203.43,205.25,196.58,197.58,1099960,,0.0,0.0
17-08-2023,200.03,202.54,196.66,201.3,844184,,0.0,0.0
18-08-2023,203.53,210.61,201.3,202.04,2019334,,0.0,0.0
21-08-2023,206.02,208.35,199.12,204.6,1337782,,0.0,0.0
22-08-2023,205.0,207.85,203.61,205.25,798986,,0.0,0.0
23-08-2023,206.76,214.6,204.75,207.7,2165990,,0.0,0.0
24-08-2023,208.92,211.95,208.03,209.79,855058,,0.0,0.0
25-08-2023,208.8,209.91,204.1,206.09,799932,,0.0,0.0
28-08-2023,208.37,210.31,204.08,205.32,465914,,0.0,0.0
29-08-2023,207.46,207.68,200.31,200.83,538590,,0.0,0.0
30-08-2023,202.76,203.63,198.59,201.32,458644,,0.0,0.0
31-08-2023,202.54,205.74,198.57,202.09,729542,,0.0,0.0
01-09-2023,203.01,204.78,200.7,202.59,386904,,0.0,0.0
04-09-2023,203.53,204.75,200.06,200.75,467514,,0.0,0.0
05-09-2023,202.54,202.54,193.13,193.61,1266874,,0.0,0.0
06-09-2023,195.59,200.9,194.6,197.85,924210,,0.0,0.0
07-09-2023,197.58,199.56,195.62,196.66,419564,,0.0,0.0
08-09-2023,197.58,201.05,197.08,199.56,755702,,0.0,0.0
11-09-2023,199.07,200.88,196.66,197.55,477950,,0.0,0.0
12-09-2023,197.55,199.24,188.64,196.06,870536,,0.0,0.0
13-09-2023,196.83,202.54,193.75,199.22,820232,,0.0,0.0
14-09-2023,201.0,208.5,199.51,206.79,1205278,,0.0,0.0
15-09-2023,207.98,242.75,207.95,237.66,13090612,,0.0,0.0
18-09-2023,234.24,239.13,228.93,234.98,2807750,,0.0,0.0
20-09-2023,234.14,245.58,230.49,232.6,1680600,,0.0,0.0
21-09-2023,232.33,252.68,232.2,242.21,4175046,,0.0,0.0
22-09-2023,242.5,251.39,238.28,248.11,1740832,,0.0,0.0
25-09-2023,254.39,265.59,254.17,260.45,3278960,,0.0,0.0
26-09-2023,263.1,267.9,258.14,264.4,1420666,,0.0,0.0
27-09-2023,264.59,310.99,263.5,302.12,10037758,,0.0,0.0
28-09-2023,304.8,334.59,304.68,312.0,11233364,,0.0,0.0
29-09-2023,314.78,315.06,296.61,306.07,1944170,,0.0,0.0
03-10-2023,303.34,326.55,298.85,318.8,1875140,,0.0,0.0
04-10-2023,319.7,335.04,312.77,324.88,1916578,,0.0,0.0
05-10-2023,327.64,331.02,313.24,316.72,990480,,0.0,0.0
06-10-2023,316.72,323.52,316.72,320.0,543102,,0.0,0.0
09-10-2023,318.11,320.0,298.48,301.8,921048,,0.0,0.0
10-10-2023,305.3,318.21,303.91,305.85,1232144,,0.0,0.0
11-10-2023,309.12,327.64,307.81,323.1,1520222,,0.0,0.0
12-10-2023,324.17,340.55,322.13,326.0,2065152,,0.0,0.0
13-10-2023,326.4,331.81,317.26,323.02,721012,,0.0,0.0
16-10-2023,324.14,331.12,317.26,328.36,948668,,0.0,0.0
17-10-2023,332.6,345.41,328.98,332.11,1305690,,0.0,0.0
18-10-2023,334.42,339.03,330.2,337.44,604984,,0.0,0.0
19-10-2023,339.23,342.53,332.6,340.97,583326,,0.0,0.0
20-10-2023,340.75,359.41,340.08,346.16,1009454,,0.0,0.0
23-10-2023,347.32,352.56,311.56,315.18,1502256,,0.0,0.0
25-10-2023,319.2,324.66,302.82,306.91,687358,,0.0,0.0
26-10-2023,308.16,310.27,288.92,304.78,762822,,0.0,0.0
27-10-2023,307.83,320.19,307.83,310.66,417956,,0.0,0.0
30-10-2023,312.9,330.59,312.75,328.11,525452,,0.0,0.0
31-10-2023,334.07,336.58,327.66,334.17,497996,,0.0,0.0
01-11-2023,337.07,343.55,325.18,330.44,603398,,0.0,0.0
02-11-2023,336.6,342.04,331.29,337.1,598316,,0.0,0.0
03-11-2023,339.26,370.8,338.59,370.8,3581120,,0.0,0.0
06-11-2023,388.2,388.63,356.46,359.34,2307630,,0.0,0.0
07-11-2023,361.4,366.71,343.2,352.61,1240236,,0.0,0.0
08-11-2023,354.94,360.4,343.08,345.19,804080,,0.0,0.0
09-11-2023,347.05,354.35,342.66,348.39,760618,,0.0,0.0
10-11-2023,346.5,346.5,313.74,326.35,1824432,,0.0,0.0
13-11-2023,342.53,354.94,334.12,345.46,1152024,,0.0,0.0
15-11-2023,350.97,350.97,336.08,344.94,801192,,0.0,0.0
16-11-2023,346.5,348.91,340.55,341.66,532586,,0.0,0.0
17-11-2023,341.54,341.99,331.56,335.96,491390,,0.0,0.0
20-11-2023,338.56,356.43,338.26,347.82,1038632,,0.0,0.0
21-11-2023,351.47,354.68,344.51,351.9,439872,,0.5,0.0
22-11-2023,353.31,369.87,345.51,349.41,1466058,,0.0,0.0
23-11-2023,351.42,376.8,350.48,368.58,1959768,,0.0,0.0
24-11-2023,370.36,380.21,361.07,363.55,886746,,0.0,0.0
28-11-2023,365.12,368.82,358.98,361.71,399204,,0.0,0.0
29-11-2023,363.4,365.19,352.97,358.66,402196,,0.0,0.0
30-11-2023,358.96,371.33,356.27,357.49,514424,,0.0,0.0
01-12-2023,358.21,369.82,358.21,365.29,613486,,0.0,0.0
04-12-2023,375.34,390.25,368.18,384.11,1409510,,0.0,0.0
05-12-2023,386.1,386.1,365.39,373.89,833546,,0.0,0.0
06-12-2023,375.24,381.8,365.64,368.2,386952,,0.0,0.0
07-12-2023,369.07,371.83,357.94,361.89,522060,,0.0,0.0
08-12-2023,363.01,366.56,351.97,358.46,491808,,0.0,0.0
11-12-2023,359.58,365.39,357.34,360.79,357984,,0.0,0.0
12-12-2023,362.41,379.06,361.62,376.4,1121372,,0.0,0.0
13-12-2023,375.71,383.79,367.95,370.32,584924,,0.0,0.0
14-12-2023,373.35,409.27,370.36,378.05,3751642,,0.0,0.0
15-12-2023,381.23,386.5,367.88,372.25,908680,,0.0,0.0
18-12-2023,373.35,377.82,362.01,372.5,655566,,0.0,0.0
19-12-2023,372.78,374.84,367.38,370.81,453352,,0.0,0.0
20-12-2023,371.36,383.12,355.45,358.28,1294014,,0.0,0.0
21-12-2023,356.94,365.29,350.01,360.12,564812,,0.0,0.0
22-12-2023,361.89,367.03,357.27,361.69,398928,,0.0,0.0
26-12-2023,362.58,366.88,357.94,359.08,340724,,0.0,0.0
27-12-2023,362.24,363.93,351.5,354.06,522234,,0.0,0.0
28-12-2023,354.21,357.79,346.5,349.61,523990,,0.0,0.0
29-12-2023,350.21,353.76,344.17,346.33,585214,,0.0,0.0
01-01-2024,345.48,352.67,345.46,349.98,224374,,0.0,0.0
02-01-2024,351.4,351.4,342.2,344.44,366116,,0.0,0.0
03-01-2024,341.53,357.07,338.75,355.7,677248,,0.0,0.0
04-01-2024,356.62,361.34,352.47,359.63,513564,,0.0,0.0
05-01-2024,359.92,362.81,351.92,356.87,411990,,0.0,0.0
08-01-2024,356.87,362.91,352.74,356.3,320400,,0.0,0.0
09-01-2024,359.28,368.25,356.3,362.66,732052,,0.0,0.0
10-01-2024,364.75,376.33,362.06,365.59,921568,,0.0,0.0
11-01-2024,417.52,422.56,381.82,386.65,5390510,,0.0,0.0
12-01-2024,387.59,403.28,387.59,395.12,1594328,,0.0,0.0
15-01-2024,395.12,395.12,395.12,395.12,0,,0.0,0.0
16-01-2024,386.57,386.75,378.1,383.29,421432,,0.0,0.0
17-01-2024,380.28,387.74,373.87,375.49,406874,,0.0,0.0
18-01-2024,373.84,383.29,365.89,381.23,462622,,0.0,0.0
19-01-2024,383.64,388.24,380.31,381.18,393110,,0.0,0.0
23-01-2024,386.27,393.73,377.95,382.52,518468,,0.0,0.0
24-01-2024,383.49,386.89,374.84,381.15,508694,,0.0,0.0
25-01-2024,392.69,392.69,380.8,383.36,372248,,0.0,0.0
29-01-2024,385.78,396.71,384.43,394.2,630542,,0.0,0.0
30-01-2024,397.91,402.68,390.25,393.51,518628,,0.0,0.0
31-01-2024,395.05,395.97,388.54,391.87,566716,,0.0,0.0
01-02-2024,391.87,393.18,385.55,387.99,216978,,0.0,0.0
02-02-2024,390.75,390.75,378.82,382.59,510450,,0.0,0.0
05-02-2024,377.82,409.64,377.82,397.41,1328138,,0.0,0.0
06-02-2024,399.67,406.66,395.74,397.53,647724,,0.0,0.0
07-02-2024,399.89,401.41,389.28,391.12,260760,,0.0,0.0
08-02-2024,392.74,402.65,390.77,391.74,411356,,0.0,0.0
09-02-2024,397.53,397.53,381.3,390.2,315540,,0.0,0.0
12-02-2024,390.18,393.08,382.79,383.79,320592,,0.0,0.0
13-02-2024,382.79,385.1,360.37,370.99,813546,,0.0,0.0
14-02-2024,368.48,398.28,363.73,378.84,1174592,,0.0,0.0
15-02-2024,387.27,407.1,382.79,384.73,945730,,0.0,0.0
16-02-2024,393.48,395.27,387.81,389.63,268362,,0.0,0.0
19-02-2024,392.74,401.68,387.79,390.75,403356,,0.0,0.0
20-02-2024,394.08,419.78,390.6,413.57,2164082,,0.0,0.0
21-02-2024,417.57,419.78,390.8,394.3,656638,,0.0,0.0
22-02-2024,397.71,402.58,386.77,401.49,510094,,0.0,0.0
23-02-2024,402.18,406.33,399.47,401.96,492576,,0.0,0.0
26-02-2024,403.67,415.01,400.52,406.46,350576,,0.0,0.0
27-02-2024,409.64,445.93,404.24,433.13,4525710,,0.0,0.0
28-02-2024,433.5,433.95,409.94,415.31,704476,,0.0,0.0
29-02-2024,414.61,419.78,409.71,413.17,402120,,0.0,0.0
01-03-2024,414.98,418.59,408.4,412.45,288626,,0.0,0.0
04-03-2024,425.02,425.02,406.66,413.94,266308,,0.0,0.0
05-03-2024,409.51,420.18,408.64,415.28,342702,,0.0,0.0
06-03-2024,410.68,415.75,393.63,401.01,542476,,0.0,0.0
07-03-2024,392.74,404.67,392.74,400.09,208110,,0.0,0.0
11-03-2024,404.67,404.67,392.71,395.97,276018,,0.0,0.0
12-03-2024,392.74,395.92,380.31,385.13,548556,,0.0,0.0
13-03-2024,383.02,389.73,350.5,354.21,670080,,0.0,0.0
14-03-2024,353.84,365.37,340.54,361.52,1236492,,0.0,0.0
15-03-2024,361.52,378.14,350.38,364.47,480708,,0.0,0.0
18-03-2024,367.21,376.93,359.58,373.8,291300,,0.0,0.0
19-03-2024,373.8,373.8,357.94,359.85,271884,,0.0,0.0
20-03-2024,361.32,370.36,356.62,367.98,328920,,0.0,0.0
21-03-2024,369.35,378.82,369.35,376.48,194884,,0.0,0.0
22-03-2024,376.48,388.76,375.61,385.2,319348,,0.0,0.0
26-03-2024,385.2,389.21,378.32,387.07,162922,,0.0,0.0
27-03-2024,387.76,392.16,380.8,386.57,278170,,0.0,0.0
28-03-2024,388.76,391.34,381.95,383.59,116202,,0.0,0.0
01-04-2024,383.59,391.94,383.59,390.45,222654,,0.0,0.0
02-04-2024,390.45,405.16,387.04,403.52,404606,,0.0,0.0
03-04-2024,402.18,405.26,396.74,398.01,159108,,0.0,0.0
04-04-2024,401.68,402.53,397.28,398.6,139588,,0.0,0.0
05-04-2024,399.89,401.56,395.72,397.48,138616,,0.0,0.0
08-04-2024,397.71,419.58,397.71,406.46,752680,,0.0,0.0
09-04-2024,408.15,410.31,397.73,399.62,183504,,0.0,0.0
10-04-2024,397.61,400.54,388.49,390.25,208224,,0.0,0.0
12-04-2024,384.78,400.19,383.32,398.45,475586,,0.0,0.0
15-04-2024,423.71,478.14,411.65,473.22,10077956,,0.0,0.0
16-04-2024,470.74,530.19,464.15,491.07,12074758,,0.0,0.0
18-04-2024,493.65,499.99,472.35,478.02,2507978,,0.0,0.0
19-04-2024,484.16,494.2,468.57,474.76,1452048,,0.0,0.0
22-04-2024,485.2,498.2,482.22,485.58,1803786,,0.0,0.0
23-04-2024,489.33,495.64,469.79,472.9,1544804,,0.0,0.0
24-04-2024,475.98,480.73,468.08,478.29,729636,,0.0,0.0
25-04-2024,478.22,481.67,461.91,467.16,444254,,0.0,0.0
26-04-2024,467.16,477.1,465.91,467.55,236106,,0.0,0.0
29-04-2024,471.95,476.23,463.83,465.72,244582,,0.0,0.0
30-04-2024,468.75,471.21,460.52,464.22,276214,,0.0,0.0
02-05-2024,469.42,469.42,459.85,461.32,288182,,0.0,0.0
03-05-2024,463.28,466.71,455.87,459.48,235900,,0.0,0.0
06-05-2024,459.35,460.79,436.81,440.78,368980,,0.0,0.0
07-05-2024,440.78,449.91,431.02,446.08,252912,,0.0,0.0
08-05-2024,447.87,449.24,435.99,438.27,224818,,0.0,0.0
09-05-2024,438.27,440.93,434.99,437.6,171024,,0.0,0.0
10-05-2024,440.41,441.45,431.86,435.61,251400,,0.0,0.0
13-05-2024,427.56,430.39,399.4,416.32,1046556,,0.0,0.0
14-05-2024,417.57,439.32,410.63,429.5,425756,,0.0,0.0
15-05-2024,446.43,447.02,426.14,431.66,572152,,0.0,0.0
16-05-2024,437.43,442.23,425.77,429.82,391846,,0.0,0.0
17-05-2024,431.74,436.28,429.57,432.36,186910,,0.0,0.0
21-05-2024,439.42,451.89,434.05,447.07,807286,,0.0,0.0
22-05-2024,448.39,455.05,442.6,445.23,277114,,0.0,0.0
23-05-2024,448.37,451.89,437.48,442.2,229554,,0.0,0.0
24-05-2024,442.45,447.87,425.65,434.67,1445926,,0.0,0.0
27-05-2024,437.3,441.01,425.7,430.64,278982,,0.0,0.0
28-05-2024,434.0,434.0,413.12,414.93,520938,,0.0,0.0
29-05-2024,414.93,443.44,412.4,440.26,739404,,0.0,0.0
30-05-2024,443.42,453.88,428.18,431.56,841548,,0.0,0.0
31-05-2024,432.95,442.9,427.58,439.81,414272,,0.0,0.0
03-06-2024,459.35,459.35,427.54,431.24,394192,,0.0,0.0
04-06-2024,439.04,439.04,411.78,423.48,741386,,0.0,0.0
05-06-2024,427.46,444.93,413.86,442.57,2051456,,0.0,0.0
06-06-2024,452.39,468.72,450.4,456.59,711898,,0.0,0.0
07-06-2024,456.59,462.26,454.48,457.44,154250,,0.0,0.0
10-06-2024,457.54,471.06,457.54,467.03,658972,,0.0,0.0
11-06-2024,472.18,475.81,466.31,471.16,252132,,0.0,0.0
12-06-2024,485.25,487.17,472.28,473.82,651060,,0.0,0.0
13-06-2024,479.09,489.18,466.29,479.49,1385116,,0.0,0.0
14-06-2024,486.2,494.5,482.22,486.4,1108900,,0.0,0.0
18-06-2024,492.16,519.21,482.69,511.48,1879082,,0.0,0.0
19-06-2024,520.0,526.96,507.7,511.72,1874498,,0.0,0.0
20-06-2024,516.75,525.87,514.51,520.62,1890328,,0.0,0.0
21-06-2024,523.23,531.64,512.17,516.45,803330,,0.0,0.0
24-06-2024,515.45,528.16,513.09,520.9,613422,,0.0,0.0
25-06-2024,524.7,535.91,513.46,518.34,749994,,0.0,0.0
26-06-2024,522.64,560.0,520.0,553.63,1861542,,0.0,0.0
27-06-2024,559.2,582.57,542.8,555.12,1537164,,0.0,0.0
28-06-2024,560.67,585.13,553.53,570.54,1267042,,0.0,0.0
01-07-2024,571.08,572.2,553.96,560.12,362568,,0.0,0.0
02-07-2024,562.76,564.72,549.48,551.79,225910,,0.0,0.0
03-07-2024,553.24,556.29,536.9,542.7,508910,,0.0,0.0
04-07-2024,545.85,551.17,529.97,537.25,376322,,0.0,0.0
05-07-2024,534.42,555.77,532.6,538.32,337380,,0.0,0.0
08-07-2024,545.13,545.85,519.5,526.81,449540,,0.0,0.0
09-07-2024,526.81,531.93,488.51,499.3,958160,,0.0,0.0
10-07-2024,507.08,509.24,484.71,490.94,382722,,0.0,0.0
11-07-2024,492.16,494.65,481.72,487.12,611692,,0.0,0.0
12-07-2024,488.68,490.15,479.19,480.53,304656,,0.0,0.0
15-07-2024,482.22,486.45,474.74,476.03,362590,,0.0,0.0
16-07-2024,476.03,488.16,476.03,484.85,301266,,0.0,0.0
18-07-2024,487.22,492.19,478.74,480.93,269828,,0.0,0.0
19-07-2024,481.03,483.41,472.3,473.3,220626,,0.0,0.0
22-07-2024,469.72,481.72,463.83,468.1,433326,,0.0,0.0
23-07-2024,471.68,524.15,466.61,492.04,2992930,,0.0,0.0
24-07-2024,489.68,513.29,482.72,485.13,1630282,,0.0,0.0
25-07-2024,480.28,491.17,462.96,466.21,1019250,,0.0,0.0
26-07-2024,469.94,484.06,469.72,473.79,658174,,0.0,0.0
29-07-2024,476.75,481.8,471.68,472.67,627026,,0.0,0.0
30-07-2024,473.77,492.16,473.0,484.01,227942,,0.0,0.0
31-07-2024,489.18,503.1,479.71,482.44,724004,,0.0,0.0
01-08-2024,488.04,492.66,486.3,489.68,347248,,0.0,0.0
02-08-2024,484.71,497.13,482.62,490.82,447726,,0.0,0.0
05-08-2024,481.18,504.09,474.76,489.43,1316606,,0.0,0.0
06-08-2024,496.09,519.01,494.03,496.46,869390,,0.0,0.0
07-08-2024,507.08,511.55,495.2,504.91,515280,,0.0,0.0
08-08-2024,504.59,525.77,504.09,514.04,640002,,0.0,0.0
09-08-2024,520.85,523.98,512.1,514.98,263684,,0.0,0.0
12-08-2024,514.04,518.51,502.88,514.78,259862,,0.0,0.0
13-08-2024,559.75,566.73,532.48,537.63,1789948,,0.0,0.0
14-08-2024,540.38,584.63,538.92,546.47,1617312,,0.0,0.0
16-08-2024,546.85,569.22,546.85,554.3,647142,,0.0,0.0
19-08-2024,560.77,571.68,551.52,556.47,624390,,0.0,0.0
20-08-2024,561.66,561.66,541.35,545.33,428036,,0.0,0.0
21-08-2024,544.26,552.02,535.02,541.78,470740,,0.0,0.0
22-08-2024,544.66,551.82,537.65,545.38,483476,,0.0,0.0
23-08-2024,547.84,565.27,537.4,542.45,622414,,0.0,0.0
26-08-2024,546.1,548.51,534.49,546.38,1063692,,0.0,0.0
27-08-2024,548.34,548.34,532.93,535.94,422022,,0.0,0.0
28-08-2024,534.94,540.38,526.02,530.49,331416,,0.0,0.0
29-08-2024,530.39,546.35,527.48,545.11,604246,,0.0,0.0
30-08-2024,548.31,549.73,529.27,541.43,1376840,,0.0,0.0
02-09-2024,541.4,579.66,540.93,575.76,1717830,,0.0,0.0
03-09-2024,576.68,595.19,571.68,592.29,1161720,,0.0,0.0
04-09-2024,591.84,611.47,583.14,588.41,942410,,0.0,0.0
05-09-2024,594.97,604.02,585.62,595.04,525656,,0.0,0.0
06-09-2024,597.06,602.04,585.39,592.21,283292,,0.5,0.0
09-09-2024,591.59,622.66,581.31,608.35,1586282,,0.0,0.0
10-09-2024,612.98,629.4,609.0,618.28,867088,,0.0,0.0
11-09-2024,624.37,624.67,594.37,605.74,589154,,0.0,0.0
12-09-2024,604.52,621.94,589.7,616.81,638112,,0.0,0.0
13-09-2024,621.36,661.24,611.04,622.96,3267284,,0.0,0.0
16-09-2024,631.61,655.47,629.4,639.0,750842,,0.0,0.0
17-09-2024,639.45,644.03,621.22,637.58,561014,,0.0,0.0
18-09-2024,641.84,644.95,623.31,627.34,529530,,0.0,0.0
19-09-2024,633.51,671.17,618.98,637.26,748872,,0.0,0.0
20-09-2024,641.84,645.55,623.16,639.15,528928,,0.0,0.0
23-09-2024,641.84,669.2,633.88,662.86,1263352,,0.0,0.0
24-09-2024,670.17,700.05,669.33,686.15,1316094,,0.0,0.0
25-09-2024,696.57,737.37,691.62,723.29,2029988,,0.0,0.0
26-09-2024,726.42,735.88,704.03,721.75,760334,,0.0,0.0
27-09-2024,725.33,746.32,709.01,728.56,1070128,,0.0,0.0
30-09-2024,725.9,727.74,709.61,712.04,498596,,0.0,0.0
01-10-2024,735.38,768.22,730.4,735.18,1301666,,0.0,0.0
03-10-2024,721.22,723.39,699.73,703.73,1727976,,0.0,0.0
04-10-2024,696.57,718.96,684.13,694.13,1116220,,0.0,0.0
07-10-2024,711.35,768.22,664.93,684.38,3147766,,0.0,0.0
08-10-2024,687.41,689.85,661.67,675.97,1404384,,0.0,0.0
09-10-2024,696.07,706.52,691.59,702.99,874318,,0.0,0.0
10-10-2024,708.29,727.69,702.04,706.84,670644,,0.0,0.0
11-10-2024,707.34,710.0,690.6,691.77,450598,,0.0,0.0
14-10-2024,691.1,706.35,690.6,696.94,431088,,0.0,0.0
15-10-2024,699.95,717.64,694.16,695.75,568214,,0.0,0.0
16-10-2024,693.09,706.5,682.64,688.16,694162,,0.0,0.0
17-10-2024,689.06,693.78,672.74,675.08,482628,,0.0,0.0
18-10-2024,670.72,690.57,660.8,687.09,416394,,0.0,0.0
21-10-2024,689.11,700.55,671.79,674.75,388642,,0.0,0.0
22-10-2024,666.27,676.49,631.29,633.98,766586,,0.0,0.0
23-10-2024,633.98,646.76,617.01,630.4,708270,,0.0,0.0
24-10-2024,627.91,637.71,621.74,623.98,404890,,0.0,0.0
25-10-2024,623.83,625.59,595.09,599.05,761380,,0.0,0.0
28-10-2024,604.47,621.94,597.46,603.23,650730,,0.0,0.0
29-10-2024,596.56,596.56,515.26,570.02,7346246,,0.0,0.0
30-10-2024,570.04,615.54,569.15,605.19,3292910,,0.0,0.0
31-10-2024,609.5,613.73,588.7,607.38,1177156,,0.0,0.0
01-11-2024,620.79,620.79,608.63,612.46,190514,,0.0,0.0
04-11-2024,612.48,612.48,587.21,591.49,652006,,0.0,0.0
05-11-2024,583.38,594.67,569.87,574.94,819478,,0.0,0.0
06-11-2024,580.27,595.57,566.76,591.06,775204,,0.0,0.0
07-11-2024,594.07,599.75,568.23,573.77,508850,,0.0,0.0
08-11-2024,574.79,580.64,547.8,562.73,881914,,0.0,0.0
11-11-2024,562.23,572.06,554.92,560.51,319248,,0.0,0.0
12-11-2024,562.21,568.48,544.1,547.21,287042,,0.0,0.0
13-11-2024,544.82,547.06,523.0,526.76,658324,,0.0,0.0
14-11-2024,509.99,554.52,505.54,536.51,1452192,,0.0,0.0
18-11-2024,536.53,558.35,534.64,549.44,700876,,0.0,0.0
19-11-2024,557.8,568.65,549.79,557.63,565418,,0.0,0.0
21-11-2024,557.75,559.74,545.46,551.53,405216,,0.0,0.0
22-11-2024,553.18,558.25,547.3,555.71,234586,,0.0,0.0
25-11-2024,566.81,584.62,558.55,578.1,975128,,0.0,0.0
26-11-2024,579.32,579.57,561.71,569.3,340088,,0.0,0.0
27-11-2024,570.69,576.14,567.36,572.8,242226,,0.0,0.0
28-11-2024,572.8,585.62,569.69,571.66,268380,,0.0,0.0
29-11-2024,571.66,575.66,565.79,572.85,231974,,0.0,0.0
02-12-2024,573.18,581.14,565.81,572.08,370934,,0.0,0.0
03-12-2024,571.68,576.36,565.34,569.4,368130,,0.0,0.0
04-12-2024,572.65,573.08,552.35,560.22,471580,,0.0,0.0
05-12-2024,563.72,568.5,552.45,556.26,478898,,0.0,0.0
06-12-2024,557.45,593.08,552.9,568.4,1723792,,0.0,0.0
09-12-2024,572.18,588.92,565.22,568.65,1768272,,0.0,0.0
10-12-2024,572.68,586.11,570.59,580.22,1625806,,0.0,0.0
11-12-2024,589.6,592.08,572.83,574.6,1931664,,0.0,0.0
12-12-2024,579.65,593.08,577.16,581.04,1144238,,0.0,0.0
13-12-2024,579.67,582.08,567.21,573.58,650194,,0.0,0.0
16-12-2024,574.15,581.14,563.08,572.31,1078282,,0.0,0.0
17-12-2024,572.13,580.79,569.77,574.84,592854,,0.0,0.0
18-12-2024,576.61,579.55,560.74,569.1,816716,,0.0,0.0
19-12-2024,548.47,564.22,547.43,560.07,469954,,0.0,0.0
20-12-2024,559.64,566.68,543.35,548.18,554630,,0.0,0.0
23-12-2024,554.77,554.77,529.39,537.9,1009976,,0.0,0.0
24-12-2024,538.35,552.78,529.42,530.46,350658,,0.0,0.0
26-12-2024,530.46,533.62,520.93,526.53,349484,,0.0,0.0
27-12-2024,526.41,541.28,522.95,529.62,396334,,0.0,0.0
30-12-2024,529.62,537.5,524.42,529.87,436308,,0.0,0.0
31-12-2024,526.91,535.31,524.91,533.65,272682,,0.0,0.0
01-01-2025,532.38,564.72,532.35,560.46,545686,,0.0,0.0
02-01-2025,557.26,574.45,548.65,571.24,633240,,0.0,0.0
03-01-2025,569.35,579.15,562.23,564.05,423650,,0.0,0.0
06-01-2025,564.72,567.65,544.87,547.35,464386,,0.0,0.0
07-01-2025,547.58,576.16,547.58,572.8,756174,,0.0,0.0
08-01-2025,576.91,579.4,552.08,556.68,422258,,0.0,0.0
09-01-2025,558.18,564.69,552.35,561.01,343660,,0.0,0.0
10-01-2025,557.26,557.26,523.92,534.99,1161888,,0.0,0.0
13-01-2025,523.97,530.51,500.53,503.52,823792,,0.0,0.0
14-01-2025,504.99,529.57,495.04,519.07,534788,,0.0,0.0
15-01-2025,523.02,530.26,505.86,519.64,675482,,0.0,0.0
16-01-2025,523.37,534.74,519.44,520.61,283062,,0.0,0.0
17-01-2025,524.37,524.37,508.64,510.98,587980,,0.0,0.0
20-01-2025,510.98,515.06,506.8,508.12,450364,,0.0,0.0
21-01-2025,506.01,515.96,492.57,494.51,331308,,0.0,0.0
22-01-2025,489.71,492.25,462.6,465.46,1047464,,0.0,0.0
23-01-2025,468.39,476.6,463.24,465.96,465504,,0.0,0.0
24-01-2025,466.85,471.08,448.54,450.98,537802,,0.0,0.0
27-01-2025,447.79,448.29,428.37,439.81,738340,,0.0,0.0
28-01-2025,443.29,445.78,411.18,417.92,807046,,0.0,0.0
29-01-2025,422.72,450.76,405.5,445.03,994904,,0.0,0.0
30-01-2025,450.78,472.15,445.46,448.44,675386,,0.0,0.0
31-01-2025,446.8,472.47,442.52,467.5,440330,,0.0,2.0
01-02-2025,472.62,508.4,469.69,492.97,691602,,0.0,0.0
03-02-2025,492.97,512.68,477.65,508.45,660813,,0.0,0.0
04-02-2025,512.58,538.05,512.58,530.79,1194865,,0.0,0.0
05-02-2025,542.33,543.97,516.31,522.68,629543,,0.0,0.0
06-02-2025,517.55,522.08,497.55,499.59,391970,,0.0,0.0
07-02-2025,499.59,500.53,485.51,495.21,348412,,0.0,0.0
10-02-2025,487.6,493.92,461.13,469.94,440516,,0.0,0.0
11-02-2025,469.99,474.21,420.18,430.58,1781438,,0.0,0.0
12-02-2025,434.91,449.78,422.02,437.79,918012,,0.0,0.0
13-02-2025,443.71,455.95,433.42,444.81,786042,,0.0,0.0
14-02-2025,378.14,396.45,355.85,355.85,4816064,,0.0,0.0
17-02-2025,336.39,344.55,303.06,323.86,7767666,,0.0,0.0
18-02-2025,335.35,345.45,324.4,340.42,2047641,,0.0,0.0
19-02-2025,338.33,340.82,318.43,320.62,1187868,,0.0,0.0
20-02-2025,318.93,336.24,309.13,334.25,1318159,,0.0,0.0
21-02-2025,333.36,340.27,321.62,323.26,1073985,,0.0,0.0
24-02-2025,321.42,328.03,310.47,311.91,1834649,,0.0,0.0
25-02-2025,312.41,318.53,295.15,302.51,973502,,0.0,0.0
27-02-2025,309.28,309.48,294.3,302.51,682954,,0.0,0.0
28-02-2025,297.53,301.32,284.3,292.31,671608,,0.0,0.0
03-03-2025,288.58,296.54,272.66,283.26,883406,,0.0,0.0
04-03-2025,272.66,291.07,272.66,285.79,836607,,0.0,0.0
05-03-2025,286.09,300.52,286.09,294.55,1011401,,0.0,0.0
06-03-2025,300.97,301.52,293.55,295.3,526870,,0.0,0.0
07-03-2025,295.3,301.91,290.07,298.63,683664,,0.0,0.0
10-03-2025,300.62,303.51,284.6,288.18,442234,,0.0,0.0
11-03-2025,282.41,287.58,267.68,268.73,877295,,0.0,0.0
12-03-2025,276.44,276.59,258.78,261.86,933271,,0.0,0.0
13-03-2025,266.69,268.43,249.02,251.41,2667752,,0.0,0.0
17-03-2025,255.19,255.19,226.29,236.54,2294219,,0.0,0.0
18-03-2025,236.54,236.54,236.54,236.54,0,,0.0,0.0
19-03-2025,260.72,260.72,260.72,260.72,116130,,0.0,0.0
20-03-2025,273.75,273.75,273.75,273.75,141195,,0.0,0.0
21-03-2025,280.57,287.43,276.64,287.43,795371,,0.0,0.0
24-03-2025,301.76,301.76,296.49,301.76,2322919,,0.0,0.0
25-03-2025,305.5,315.35,286.69,287.73,1770922,,0.0,0.0
26-03-2025,293.5,295.25,274.65,275.69,1076261,,0.0,0.0
27-03-2025,275.69,288.03,275.69,277.88,866070,,0.0,0.0
28-03-2025,278.78,283.21,268.68,271.02,891401,,0.0,0.0
01-04-2025,268.68,284.55,267.78,284.55,1429300,,0.0,0.0
02-04-2025,285.59,292.46,277.33,289.92,1150373,,0.0,0.0
03-04-2025,284.5,304.4,283.6,304.4,318724,,0.0,0.0
04-04-2025,310.47,315.84,293.55,297.88,1473853,,0.0,0.0
07-04-2025,283.01,293.55,283.01,287.29,513190,,0.0,0.0
08-04-2025,301.52,301.61,296.24,301.61,724362,,0.0,0.0
09-04-2025,316.69,316.69,310.72,316.69,1316936,,0.0,0.0
11-04-2025,332.51,332.51,321.96,332.21,1523053,,0.0,0.0
15-04-2025,333.91,343.11,326.94,336.94,1217569,,0.0,0.0
16-04-2025,342.31,349.28,338.83,345.05,626499,,0.0,0.0
17-04-2025,346.29,362.27,343.46,362.27,921808,,0.0,0.0
21-04-2025,371.67,380.38,368.73,380.38,261094,,0.0,0.0
22-04-2025,399.38,399.38,373.56,393.56,2091378,,0.0,0.0
23-04-2025,399.03,399.03,374.31,384.51,1583354,,0.0,0.0
24-04-2025,384.11,403.71,380.13,383.06,1494583,,0.0,0.0
25-04-2025,387.59,387.89,363.91,372.42,1115601,,0.0,0.0
28-04-2025,366.69,371.92,359.33,361.57,414331,,0.0,0.0
29-04-2025,359.23,376.0,359.18,363.46,421569,,0.0,0.0
30-04-2025,363.21,365.2,345.3,345.6,434882,,0.0,0.0
02-05-2025,344.3,348.28,334.15,337.79,348307,,0.0,0.0
05-05-2025,338.98,344.7,326.39,338.13,380025,,0.0,0.0
06-05-2025,343.26,346.99,327.39,328.68,286900,,0.0,0.0
07-05-2025,321.52,332.61,319.78,329.73,380505,,0.0,0.0
08-05-2025,335.05,346.19,326.94,333.66,720940,,0.0,0.0
09-05-2025,321.91,335.85,321.91,332.86,363004,,0.0,0.0
12-05-2025,349.48,349.48,345.8,349.48,267253,,0.0,0.0
13-05-2025,361.52,366.94,350.92,353.46,1419871,,0.0,0.0
14-05-2025,360.52,360.52,354.06,357.54,400210,,0.0,0.0
15-05-2025,359.48,366.15,356.74,361.12,362579,,0.0,0.0
16-05-2025,363.06,366.2,358.73,360.23,300913,,0.0,0.0
19-05-2025,361.22,368.93,355.05,366.15,531263,,0.0,0.0
20-05-2025,368.14,369.88,351.77,354.4,403468,,0.0,0.0
21-05-2025,349.28,366.2,349.28,359.23,287816,,0.0,0.0
22-05-2025,360.97,361.07,350.52,353.31,247064,,0.0,0.0
23-05-2025,355.2,359.73,349.78,358.29,210082,,0.0,0.0
26-05-2025,358.29,365.15,358.04,362.32,249369,,0.0,0.0
27-05-2025,363.71,365.75,360.18,362.42,184288,,0.0,0.0
28-05-2025,362.71,376.15,362.71,367.34,615412,,0.0,0.0
29-05-2025,369.08,383.61,363.36,378.83,803573,,0.0,0.0
30-05-2025,395.15,397.74,378.14,379.18,2343523,,0.0,0.0
02-06-2025,380.97,387.24,371.47,376.69,828585,,0.0,0.0
03-06-2025,380.43,384.01,373.16,376.0,575195,,0.0,0.0
04-06-2025,378.09,378.19,364.8,370.23,382235,,0.0,0.0
05-06-2025,372.17,374.8,366.2,367.89,351516,,0.0,0.0
06-06-2025,371.07,373.16,363.61,366.54,350321,,0.0,0.0
09-06-2025,369.08,380.03,363.91,371.97,732472,,0.0,0.0
10-06-2025,373.66,373.66,364.31,365.35,415219,,0.0,0.0
11-06-2025,365.9,368.14,356.35,357.39,706948,,0.0,0.0
12-06-2025,358.63,363.21,345.3,350.67,363443,,0.0,0.0
13-06-2025,342.31,348.28,340.52,345.6,488807,,0.0,0.0
16-06-2025,346.34,361.47,340.37,357.99,320780,,0.0,0.0
17-06-2025,362.12,362.32,348.98,350.42,210274,,0.0,0.0
18-06-2025,352.86,353.21,345.15,346.54,277952,,0.0,0.0
19-06-2025,348.23,349.28,336.34,337.39,216171,,0.0,0.0
20-06-2025,337.64,341.12,333.56,336.69,152775,,0.0,0.0
23-06-2025,331.37,343.31,329.28,333.06,317159,,0.0,0.0
24-06-2025,340.77,344.01,335.35,336.74,240872,,0.0,0.0
25-06-2025,339.13,349.13,335.35,345.25,401665,,0.0,0.0
26-06-2025,348.28,354.35,346.29,350.42,481269,,0.0,0.0
27-06-2025,352.22,352.96,347.29,347.69,210780,,0.0,0.0
30-06-2025,347.39,348.68,339.33,341.57,282539,,0.0,0.0
01-07-2025,341.57,343.01,338.23,339.08,217554,,0.0,0.0
02-07-2025,339.83,343.31,333.36,335.65,243749,,0.0,0.0
03-07-2025,337.24,345.3,337.19,340.97,506579,,0.0,0.0
04-07-2025,341.27,352.66,339.33,348.19,497927,,0.0,0.0
07-07-2025,363.21,365.55,352.61,361.92,3262646,,0.0,0.0
08-07-2025,360.23,366.2,345.7,348.88,1045334,,0.0,0.0
09-07-2025,347.09,348.28,338.93,340.47,584696,,0.0,0.0
10-07-2025,340.47,345.1,336.39,338.13,636683,,0.0,0.0
11-07-2025,336.44,342.26,335.15,340.92,417383,,0.0,0.0
14-07-2025,340.92,345.35,339.58,341.82,229413,,0.0,0.0
15-07-2025,341.82,355.75,341.82,343.76,1031874,,0.0,0.0
16-07-2025,346.24,354.26,343.31,353.36,427573,,0.0,0.0
17-07-2025,354.16,371.02,351.27,371.02,1373658,,0.0,0.0
18-07-2025,373.56,378.98,365.2,367.94,1269671,,0.0,0.0
21-07-2025,366.05,366.64,355.5,362.51,538827,,0.0,0.0
22-07-2025,362.51,369.63,359.23,360.72,236562,,0.0,0.0
23-07-2025,361.42,365.2,346.29,352.71,552826,,0.0,0.0
24-07-2025,356.49,356.49,342.31,344.25,378411,,0.0,0.0
25-07-2025,346.1,346.49,336.99,338.43,390575,,0.0,0.0
28-07-2025,338.33,339.33,331.62,336.94,345890,,0.0,0.0
29-07-2025,329.38,333.16,320.12,320.12,801372,,0.0,0.0
30-07-2025,308.58,314.95,304.5,305.89,1675525,,0.0,0.0
31-07-2025,299.03,314.45,298.53,311.27,481576,,0.0,0.0
01-08-2025,311.07,316.84,306.04,312.76,465014,,0.0,0.0
04-08-2025,316.34,328.38,313.46,328.38,457260,,0.0,0.0
05-08-2025,335.85,344.8,332.36,336.94,981872,,0.0,0.0
06-08-2025,339.28,341.62,327.44,333.91,407509,,0.0,0.0
07-08-2025,333.06,342.07,329.38,339.43,531669,,0.0,0.0
08-08-2025,343.41,350.57,321.82,330.72,869699,,0.0,0.0
11-08-2025,328.38,334.4,318.98,329.53,923506,,0.0,0.0
12-08-2025,333.36,341.32,325.4,336.34,1108997,,0.0,0.0
13-08-2025,360.23,360.23,334.55,337.34,3784172,,0.0,0.0
14-08-2025,338.83,367.64,331.37,359.13,3970357,,0.0,0.0
18-08-2025,366.64,386.0,362.22,376.84,2142545,,0.0,0.0
19-08-2025,379.13,380.43,372.17,374.06,681746,,0.0,0.0
20-08-2025,374.96,381.14,370.96,374.01,641520,,1.0,0.0
21-08-2025,375.45,386.63,373.56,384.23,846632,,0.0,0.0
22-08-2025,388.13,388.13,376.15,378.1,470944,,0.0,0.0
25-08-2025,379.15,382.04,373.31,374.66,323456,,0.0,0.0
26-08-2025,369.22,379.15,367.92,373.16,680714,,0.0,0.0
28-08-2025,372.11,376.65,366.18,374.56,534184,,0.0,0.0
29-08-2025,375.35,378.4,366.28,368.52,277379,,0.0,0.0
01-09-2025,370.77,380.09,367.47,377.45,336256,,0.0,0.0
02-09-2025,378.1,383.64,372.71,379.7,390888,,0.0,0.0
03-09-2025,379.7,385.93,375.6,377.85,463979,,0.0,0.0
04-09-2025,379.89,397.55,377.65,384.63,1133387,,0.0,0.0
05-09-2025,385.13,391.07,377.55,383.89,407710,,0.0,0.0
08-09-2025,385.88,403.94,384.33,388.67,1077437,,0.0,0.0
09-09-2025,388.67,391.02,382.14,386.98,490128,,0.0,0.0
10-09-2025,387.58,391.67,377.5,381.24,491109,,0.0,0.0
11-09-2025,380.04,385.53,372.76,376.9,371635,,0.0,0.0
12-09-2025,376.85,388.67,372.66,373.66,570965,,0.0,0.0
15-09-2025,375.11,377.15,366.18,372.01,443668,,0.0,0.0
16-09-2025,369.17,375.6,369.17,372.76,391922,,0.0,0.0
17-09-2025,374.06,387.73,371.86,375.65,749138,,0.0,0.0
18-09-2025,378.05,385.53,371.26,372.21,617680,,0.0,0.0
19-09-2025,373.46,375.11,367.27,372.41,640498,,0.0,0.0
22-09-2025,370.17,372.86,364.18,366.97,457211,,0.0,0.0
23-09-2025,368.62,372.16,360.34,361.29,307617,,0.0,0.0
24-09-2025,359.19,360.79,351.76,354.0,327639,,0.0,0.0
25-09-2025,354.0,355.15,343.63,345.12,292707,,0.0,0.0
26-09-2025,343.63,344.42,334.5,337.64,252402,,0.0,0.0
29-09-2025,338.94,342.88,334.0,340.43,379121,,0.0,0.0
30-09-2025,344.22,347.02,339.78,342.68,363609,,0.0,0.0
01-10-2025,343.03,345.67,338.59,343.88,246544,,0.0,0.0
03-10-2025,345.72,353.1,340.78,348.27,473889,,0.0,0.0
06-10-2025,352.61,365.88,345.72,351.41,601755,,0.0,0.0
07-10-2025,353.01,354.2,345.22,346.87,287569,,0.0,0.0
08-10-2025,347.92,349.21,337.94,338.74,700023,,0.0,0.0
09-10-2025,338.74,338.74,322.77,324.02,2182640,,0.0,0.0
10-10-2025,325.67,330.76,324.12,325.32,783380,,0.0,0.0
13-10-2025,326.27,327.96,316.59,318.98,1001351,,0.0,0.0
14-10-2025,320.48,320.48,313.0,315.19,415554,,0.0,0.0
15-10-2025,316.99,319.78,310.85,314.54,611043,,0.0,0.0
16-10-2025,318.28,319.68,315.84,316.64,745545,,0.0,0.0
17-10-2025,318.18,319.53,313.79,314.34,364803,,0.0,0.0
20-10-2025,318.88,328.56,315.49,324.57,775025,,0.0,0.0
21-10-2025,327.01,329.21,323.97,325.62,148776,,0.0,0.0
23-10-2025,328.41,335.1,325.62,327.41,718052,,0.0,0.0
24-10-2025,326.27,328.26,318.68,319.63,667387,,0.0,0.0
27-10-2025,321.08,324.82,318.38,321.58,867177,,0.0,0.0
28-10-2025,323.02,330.76,321.03,324.87,925244,,0.0,0.0
29-10-2025,324.87,326.02,321.48,325.12,321274,,0.0,0.0
30-10-2025,325.12,328.26,324.47,327.56,321722,,0.0,0.0
31-10-2025,326.27,328.76,322.92,323.72,247310,,0.0,0.0
03-11-2025,323.72,329.56,321.23,328.46,466200,,0.0,0.0
04-11-2025,329.26,337.29,329.21,333.4,717413,,0.0,0.0
06-11-2025,339.24,340.13,325.22,327.21,579836,,0.0,0.0
07-11-2025,327.26,332.75,320.53,331.35,410843,,0.0,0.0
10-11-2025,336.64,338.74,332.3,335.84,538938,,0.0,0.0
11-11-2025,335.84,336.19,322.82,324.92,680096,,0.0,0.0
12-11-2025,326.61,328.41,321.93,324.62,923085,,0.0,0.0
13-11-2025,324.27,337.34,318.53,329.26,1246906,,0.0,0.0
14-11-2025,330.9,340.73,328.26,334.1,1229484,,0.0,0.0
17-11-2025,337.24,338.79,328.86,330.26,540310,,0.0,0.0
18-11-2025,330.16,332.25,320.08,320.63,582460,,0.0,0.0
19-11-2025,321.38,324.12,317.44,322.32,310924,,0.0,0.0
20-11-2025,322.32,324.07,315.79,319.38,612116,,0.0,0.0
21-11-2025,319.38,321.28,316.29,319.78,274798,,0.0,0.0
24-11-2025,316.29,319.68,314.29,315.49,250925,,0.0,0.0
25-11-2025,315.04,315.04,310.3,312.55,245984,,0.0,0.0
26-11-2025,311.95,316.19,309.65,310.75,320232,,0.0,0.0
27-11-2025,312.8,312.8,308.8,309.75,236693,,0.0,0.0
28-11-2025,309.75,311.2,305.51,310.45,289591,,0.0,0.0
01-12-2025,310.45,314.04,308.66,310.1,226480,,0.0,0.0
02-12-2025,310.0,315.69,308.8,314.14,224561,,0.0,0.0
03-12-2025,314.09,314.09,301.27,303.27,244531,,0.0,0.0
04-12-2025,302.82,310.1,299.28,308.11,345894,,0.0,0.0
05-12-2025,308.06,309.15,301.92,307.46,286344,,0.0,0.0
08-12-2025,306.81,317.29,296.33,311.65,615013,,0.0,0.0
09-12-2025,309.75,314.29,300.52,311.65,411299,,0.0,0.0
10-12-2025,310.3,311.25,303.82,307.26,203133,,0.0,0.0
11-12-2025,306.31,307.41,302.42,304.31,188910,,0.0,0.0
12-12-2025,305.96,312.95,304.31,311.45,492174,,0.0,0.0
15-12-2025,311.45,312.3,305.41,310.75,261882,,0.0,0.0
16-12-2025,311.5,320.63,307.31,317.34,526249,,0.0,0.0
17-12-2025,318.63,324.02,314.29,317.93,376121,,0.0,0.0
18-12-2025,316.99,317.83,310.3,311.5,252532,,0.0,0.0
19-12-2025,310.6,318.78,308.8,317.19,242578,,0.0,0.0
22-12-2025,321.28,321.28,309.3,316.89,534191,,0.0,0.0
23-12-2025,318.63,321.88,315.29,320.58,338494,,0.0,0.0
24-12-2025,320.58,324.77,317.49,318.43,396169,,0.0,0.0
26-12-2025,317.09,322.27,316.19,319.53,194974,,0.0,0.0
29-12-2025,316.54,319.78,314.34,317.24,314053,,0.0,0.0
30-12-2025,315.49,321.28,311.6,317.58,288495,,0.0,0.0
31-12-2025,316.39,321.28,314.79,317.24,373556,,0.0,0.0
01-01-2026,315.94,318.63,314.29,317.54,194240,,0.0,0.0
02-01-2026,318.18,324.77,315.54,323.52,271576,,0.0,0.0
05-01-2026,327.26,336.74,322.27,329.31,985796,,0.0,0.0
06-01-2026,329.36,333.65,321.38,322.62,346508,,0.0,0.0
07-01-2026,350.16,370.47,344.22,359.99,29117456,,0.0,0.0
08-01-2026,360.09,379.94,341.58,345.52,22022129,,0.0,0.0
09-01-2026,351.36,360.49,335.15,352.81,6812462,,0.0,0.0
12-01-2026,359.19,359.19,341.78,346.92,2109933,,0.0,0.0
13-01-2026,347.52,351.96,333.35,335.89,2218131,,0.0,0.0
14-01-2026,335.84,340.23,330.26,332.2,807612,,0.0,0.0
15-01-2026,332.2,332.2,332.2,332.2,0,,0.0,0.0
16-01-2026,333.15,335.44,321.58,323.32,899508,,0.0,0.0
19-01-2026,320.03,324.72,315.39,317.73,692427,,0.0,0.0
20-01-2026,317.73,318.28,304.46,308.36,741418,,0.0,0.0
21-01-2026,308.36,314.89,305.41,311.65,1060259,,0.0,0.0
22-01-2026,318.33,318.48,307.31,311.0,502711,,0.0,0.0
23-01-2026,310.25,310.3,299.33,305.16,1041133,,0.0,0.0
27-01-2026,308.16,311.3,297.33,307.56,730191,,0.0,0.0
28-01-2026,308.21,315.19,305.66,314.49,465407,,0.0,0.0
29-01-2026,313.64,315.94,303.07,305.31,876232,,0.0,0.0
30-01-2026,305.31,308.8,297.93,306.96,539396,,0.0,0.0
02-02-2026,304.36,306.21,294.74,304.66,609855,,0.0,0.0
03-02-2026,324.27,326.22,296.43,303.92,1018802,,0.0,0.0
04-02-2026,305.06,317.29,301.52,311.1,804259,,0.0,0.0
05-02-2026,311.1,314.29,304.07,312.4,537930,,0.0,0.0
06-02-2026,310.85,337.34,303.82,332.0,3920068,,0.0,0.0
09-02-2026,338.04,359.19,333.65,354.5,3989512,,0.0,0.0
10-02-2026,356.1,363.48,352.41,356.6,1453204,,0.0,0.0
11-02-2026,360.19,366.18,356.0,364.98,1513465,,0.0,0.0
12-02-2026,366.13,375.16,361.29,372.66,2658898,,0.0,0.0
13-02-2026,374.16,374.16,344.72,351.36,5995741,,0.0,0.0
16-02-2026,353.2,353.2,337.84,341.03,1292118,,0.0,0.0
17-02-2026,340.08,350.16,338.34,345.97,905047,,0.0,0.0
18-02-2026,347.22,349.16,338.59,339.83,566230,,0.0,0.0
19-02-2026,339.88,340.98,329.26,333.1,712570,,0.0,0.0
20-02-2026,332.9,335.25,323.2,325.85,566289,,0.75,0.0
23-02-2026,328.0,330.9,320.55,329.65,614693,,0.0,0.0
24-02-2026,328.5,329.1,321.0,322.95,344821,,0.0,0.0
25-02-2026,322.6,329.0,317.5,318.7,398785,,0.0,0.0
26-02-2026,319.0,322.55,314.0,316.05,337908,,0.0,0.0
27-02-2026,316.1,319.7,311.0,317.25,1448590,,0.0,0.0
02-03-2026,310.1,313.8,302.5,307.0,630725,,0.0,0.0
04-03-2026,301.0,301.4,291.55,295.75,840443,,0.0,0.0
05-03-2026,298.0,302.5,293.25,300.45,676673,,0.0,0.0
06-03-2026,302.0,305.2,298.6,301.8,427442,,0.0,0.0
09-03-2026,298.0,298.0,288.15,292.45,384052,,0.0,0.0
10-03-2026,296.0,299.0,293.0,298.1,408668,,0.0,0.0
11-03-2026,299.0,304.6,295.25,297.35,309282,,0.0,0.0
12-03-2026,297.35,304.3,289.6,298.05,416031,,0.0,0.0
13-03-2026,296.0,297.05,288.6,290.55,409372,,0.0,0.0
16-03-2026,290.55,294.5,282.85,290.85,546590,,0.0,0.0
17-03-2026,293.8,298.0,289.35,295.9,235127,,0.0,0.0
18-03-2026,295.9,306.15,295.85,303.55,421155,,0.0,0.0
19-03-2026,299.95,299.95,289.15,291.25,312190,,0.0,0.0
20-03-2026,291.25,298.8,291.25,295.95,424683,,0.0,0.0
23-03-2026,291.65,294.0,281.0,284.95,575220,,0.0,0.0
24-03-2026,295.0,295.35,283.1,294.0,480316,,0.0,0.0
25-03-2026,294.0,300.05,291.0,295.5,410960,,0.0,0.0
27-03-2026,291.5,297.7,283.0,285.25,602124,,0.0,0.0
30-03-2026,290.4,295.0,276.0,278.85,772117,,0.0,0.0
01-04-2026,283.0,290.75,283.0,288.6,503251,,0.0,0.0
02-04-2026,285.0,291.0,279.45,288.8,242201,,0.0,0.0
06-04-2026,300.45,334.45,300.45,323.45,37352103,,0.0,0.0
07-04-2026,322.85,332.6,312.35,315.95,5410598,,0.0,0.0
08-04-2026,326.0,338.0,318.2,334.0,3001567,,0.0,0.0
09-04-2026,334.25,337.7,323.0,324.0,1126546,,0.0,0.0
10-04-2026,326.8,329.8,321.5,323.0,1123976,,0.0,0.0
13-04-2026,315.0,326.6,311.1,323.25,602571,,0.0,0.0
15-04-2026,327.1,331.4,325.25,326.3,584288,,0.0,0.0
16-04-2026,330.0,332.7,322.0,324.55,635158,,0.0,0.0
17-04-2026,326.2,332.3,325.15,326.3,658114,,0.0,0.0
20-04-2026,328.2,331.95,322.5,323.6,653059,,0.0,0.0
21-04-2026,324.5,333.8,323.05,332.85,711107,,0.0,0.0
22-04-2026,331.05,334.2,328.0,329.9,509521,,0.0,0.0
23-04-2026,330.75,332.8,323.05,323.8,382615,,0.0,0.0
24-04-2026,325.0,327.2,315.5,318.1,361662,,0.0,0.0
27-04-2026,320.1,326.55,319.35,323.05,226141,,0.0,0.0
28-04-2026,321.5,321.95,314.6,317.55,776955,,0.0,0.0
29-04-2026,318.25,323.8,315.3,316.85,336845,,0.0,0.0
30-04-2026,316.85,317.25,309.55,313.1,420274,,0.0,0.0
01-05-2026,313.1,313.1,313.1,313.1,0,,0.0,0.0
04-05-2026,314.9,347.35,314.5,335.3,3252283,,0.0,0.0
05-05-2026,338.15,353.0,337.2,345.7,2024483,,0.0,0.0
06-05-2026,350.05,353.9,341.1,344.5,702716,,0.0,0.0
07-05-2026,346.0,347.7,340.5,343.7,339185,,0.0,0.0
08-05-2026,343.7,369.0,342.4,365.4,2921471,,0.0,0.0
11-05-2026,349.0,349.0,325.05,334.25,3855500,,0.0,0.0
12-05-2026,331.1,333.95,310.1,312.75,1866347,,0.0,0.0
13-05-2026,303.65,329.0,302.05,325.5,3997948,,0.0,0.0
14-05-2026,326.0,336.95,319.15,335.55,1297447,,0.0,0.0
15-05-2026,332.25,341.0,328.0,334.7,996037,,0.0,0.0
18-05-2026,329.95,333.0,324.0,330.5,609237,,0.0,0.0
19-05-2026,330.55,336.9,330.0,335.05,337823,,0.0,0.0
20-05-2026,334.6,341.65,328.5,338.7,480247,,0.0,0.0
21-05-2026,341.5,355.5,340.0,345.7,1683517,,0.0,0.0
22-05-2026,348.9,350.95,342.3,347.95,467506,,0.0,0.0
25-05-2026,352.4,361.6,350.05,353.8,1069888,,0.0,0.0
26-05-2026,355.0,357.55,347.55,349.1,638493,,0.0,0.0
27-05-2026,350.0,353.65,330.6,340.15,3922799,,0.0,0.0
28-05-2026,340.15,340.15,340.15,340.15,0,,0.0,0.0
29-05-2026,342.45,355.0,342.45,346.2,1065524,,0.0,0.0
01-06-2026,350.8,350.8,335.1,339.5,611590,,0.0,0.0
02-06-2026,339.5,349.0,335.15,345.35,455942,,0.0,0.0
03-06-2026,345.8,346.3,340.65,343.4,273482,,0.0,0.0
04-06-2026,343.5,348.55,341.05,344.5,408395,,0.0,0.0
05-06-2026,345.5,354.0,345.05,350.75,590460,,0.0,0.0
08-06-2026,345.0,361.1,340.1,343.1,792312,,0.0,0.0
09-06-2026,345.0,349.0,342.6,345.7,255861,,0.0,0.0
10-06-2026,348.0,348.6,328.1,330.2,730349,,0.0,0.0
11-06-2026,331.0,332.0,323.9,328.05,215787,,0.0,0.0
12-06-2026,337.25,340.0,329.15,338.35,332214,,0.0,0.0
15-06-2026,344.75,358.7,342.15,350.2,1130498,,0.0,0.0
16-06-2026,351.25,357.5,348.6,351.55,464408,,0.0,0.0
17-06-2026,357.25,357.25,336.0,345.2,479131,,0.0,0.0
18-06-2026,346.0,348.7,338.6,342.05,350128,,0.0,0.0
19-06-2026,339.45,341.05,336.0,340.4,288718,,0.0,0.0
22-06-2026,342.0,343.55,338.0,338.95,240938,,0.0,0.0
23-06-2026,338.8,338.8,331.15,333.9,302281,,0.0,0.0
24-06-2026,332.0,333.2,326.1,329.9,514145,,0.0,0.0
25-06-2026,327.15,332.15,321.45,323.55,373815,,0.0,0.0
26-06-2026,323.55,323.55,323.55,323.55,0,,0.0,0.0
29-06-2026,323.0,335.9,320.65,327.15,282226,,0.0,0.0
30-06-2026,327.7,335.0,324.1,330.2,440711,,0.0,0.0
01-07-2026,330.0,337.5,323.65,325.85,468845,,0.0,0.0
02-07-2026,327.75,333.2,325.15,331.8,401943,,0.0,0.0
03-07-2026,336.0,339.6,324.45,326.05,681032,,0.0,0.0
06-07-2026,339.25,348.5,324.5,326.5,4230176,,0.0,0.0
07-07-2026,329.0,330.65,319.1,327.25,1193066,,0.0,0.0
08-07-2026,323.8,351.0,322.8,331.75,3139817,,0.0,0.0
09-07-2026,334.4,360.95,333.0,348.65,7323847,,0.0,0.0
10-07-2026,352.9,369.0,349.4,362.15,4077698,,0.0,0.0
13-07-2026,362.2,384.7,358.5,381.0,5609385,,0.0,0.0
14-07-2026,383.1,390.4,374.5,377.85,2601503,,0.0,0.0
15-07-2026,381.6,381.65,367.4,373.2,1164432,,0.0,0.0
16-07-2026,374.75,376.9,364.4,365.5,952347,,0.0,0.0
17-07-2026,365.1,366.0,355.0,364.55,883913,,0.0,0.0
20-07-2026,364.0,373.8,362.95,366.0,810390,,0.0,0.0
21-07-2026,367.65,379.0,365.75,377.8,1122896,,0.0,0.0
22-07-2026,379.5,399.8,376.3,391.65,5477340,,0.0,0.0
23-07-2026,393.0,398.4,384.0,386.25,1922627,,0.0,0.0
24-07-2026,383.9,388.95,377.2,382.85,858782,,0.0,0.0
27-07-2026,386.65,430.0,386.65,417.95,18605457,,0.0,0.0
28-07-2026,420.9,420.9,408.2,418.65,3081645,,0.0,0.0
29-07-2026,421.9,422.0,409.0,413.4,1867704,,0.0,0.0
30-07-2026,412.95,412.95,403.0,404.85,1193415,,0.0,0.0
31-07-2026,407.4,409.8,401.0,403.2,782575,,0.0,0.0
03-08-2026,408.9,408.9,366.5,388.1,1410396,,0.0,0.0
04-08-2026,384.0,395.0,378.4,387.9,1428731,,0.0,0.0
05-08-2026,387.85,401.85,384.6,399.05,1552723,,0.0,0.0
06-08-2026,400.0,406.7,382.2,391.6,1362709,,0.0,0.0
07-08-2026,386.95,405.2,386.6,388.8,1637201,3292310.0,0.0,0.0
10-08-2026,395.0,406.0,392.9,398.85,1660202,3292310.0,0.0,0.0
11-08-2026,400.5,405.8,397.3,401.25,1263340,1597843.0,0.0,0.0
12-08-2026,376.0,379.45,343.0,345.65,7358498,1416062.0,0.0,0.0
13-08-2026,342.2,353.7,338.05,351.9,2618685,1965268.0,0.0,0.0
14-08-2026,353.0,353.9,340.05,341.85,1086233,2138238.0,0.0,0.0
17-08-2026,340.0,343.6,333.3,341.55,1100339,2138238.0,0.0,0.0
18-08-2026,341.9,343.9,339.5,339.8,95289,2107231.0,0.0,0.0
